intent,text
search_knowledge,"""Can you provide knowledge on corporate tax planning?"""
search_knowledge,"""I need information about compliance for 2023 tax returns."""
search_knowledge,"""Tell me about high-growth companies and corporate tax planning."""
search_knowledge,"""Find knowledge on advisory service best practices."""
search_knowledge,"""What do I need to know about managing international tax risks?"""
search_knowledge,"""Give me details about financial advisory services."""
search_knowledge,"""I need knowledge on employee taxation and stock options."""
search_knowledge,"""Can you share information on the 2024 corporate tax filing guide?"""
search_knowledge,"""What are the legal deadlines for tax compliance?"""
search_knowledge,"""Tell me about effective advisory strategies in the finance sector."""
search_knowledge,"""What do I need to know about compliance requirements for 2023?"""
search_knowledge,"""I need details on tax regulations for remote employees in 2024."""
search_knowledge,"""How do I handle international tax disputes?"""
search_knowledge,"""Can you provide a corporate tax deductions guide?"""
search_knowledge,"""Tell me about international tax compliance for multinational corporations."""
search_knowledge,"""What are the transfer pricing guidelines for multinational companies?"""
search_knowledge,"""I need knowledge on the impact of tax reform on corporate finance."""
search_knowledge,"""Tell me the legal obligations for international tax filings."""
search_knowledge,"""What are the tax law changes for 2024 and their impacts?"""
search_knowledge,"""Give me information on employee stock option taxation."""
search_knowledge,"""Can you provide solutions for advisory for SMEs?"""
search_knowledge,"""Find knowledge on tax compliance for multinational companies."""
search_knowledge,"""Give me information on advisory practices in the finance sector."""
search_knowledge,"""What are the best practices for providing advisory services?"""
search_knowledge,"""Tell me about the risks in international tax management."""
search_knowledge,"""Find me knowledge on stock option taxation for employees."""
search_knowledge,"""What do I need to know about compliance for 2024?"""
search_knowledge,"""Give me a guide for 2023 corporate tax compliance."""
search_knowledge,"""Tell me how to handle international tax compliance."""
search_knowledge,"""Find information on the benefits of employee stock options."""
search_knowledge,"""Give me knowledge on corporate tax deductions for this year."""
search_knowledge,"""Can you share the best practices for tax advisory services?"""
search_knowledge,"""What is the impact of the new tax law on corporate tax?"""
search_knowledge,"""I need information on advisory services for high-growth companies."""
search_knowledge,"""Give me knowledge about effective compliance strategies."""
search_knowledge,"""What are the strategies for international tax compliance?"""
search_knowledge,"""Provide a checklist for 2023 tax filing compliance."""
search_knowledge,"""Tell me about advisory solutions for SMEs."""
search_knowledge,"""Give me a guide on how to manage corporate tax filings."""
search_knowledge,"""Can you provide knowledge about compliance strategies for finance?"""
search_knowledge,"""I need to know about 2024 tax regulations for remote employees."""
search_knowledge,"""Tell me about compliance strategies in tax law."""
search_knowledge,"""What are the guidelines for multinational tax compliance?"""
search_knowledge,"""Provide me knowledge on handling international tax disputes."""
search_knowledge,"""Tell me about corporate tax strategies for multinational firms."""
search_knowledge,"""I need a corporate tax filing guide for high-growth companies."""
search_knowledge,"""Tell me about employee taxation and stock options in 2024."""
search_knowledge,"""What are the legal deadlines for tax filing in 2023?"""
search_knowledge,"""Find me knowledge about financial advisory services."""
search_knowledge,"""Can you give me knowledge on compliance for finance firms?"""
search_knowledge,"""What are the legal obligations for tax compliance in 2024?"""
search_knowledge,"""Give me details on the 2024 corporate tax filing deadlines."""
search_knowledge,"""Tell me the advisory practices for high-growth companies."""
search_knowledge,"""What are the compliance strategies for multinational corporations?"""
search_knowledge,"""Give me knowledge about compliance in employee tax for 2024."""
search_knowledge,"""Tell me about the international tax obligations for 2024."""
search_knowledge,"""What are the compliance requirements for tax filing this year?"""
search_knowledge,"""Give me strategies for advisory services in the finance industry."""
search_knowledge,"""Find knowledge about transfer pricing for multinational firms."""
search_knowledge,"""Tell me about the legal requirements for handling tax disputes."""
search_sites,"""Provide me sites on handling international tax disputes."""
search_sites,"""Tell me the sites on corporate tax strategies for multinational firms."""
search_sites,"""I need corporate tax filing sites for high-growth companies."""
search_sites,"""Tell me the sites on employee taxation and stock options in 2024."""
search_sites,"""Find me sites on financial advisory services."""
search_sites,"""Can you give me the sites on compliance for finance firms?"""
search_sites,"""Give me sites on the 2024 corporate tax filing deadlines."""
search_sites,"""Give me sites on compliance in employee tax for 2024."""
search_sites,"""Give me sites on strategies for advisory services in the finance industry."""
search_sites,"""Find sites on transfer pricing for multinational firms."""
search_sites,"""Tell me the sites on the legal requirements for handling tax disputes."""
search_sites,"""Find sites on tax compliance for multinational companies."""
search_sites,"""Give me sites on advisory practices in the finance sector."""
search_sites,"""Find me sites on stock option taxation for employees."""
search_sites,"""Find sites on the benefits of employee stock options."""
search_sites,"""Give me sites on corporate tax deductions for this year."""
search_sites,"""Find me sites on the best practices for advisory services."""
search_sites,"""Give me sites on tax regulations for remote employees in 2024."""
search_sites,"""Tell me sites about managing international tax risks."""
search_sites,"""Find me sites on effective advisory strategies for finance."""
search_sites,"""Give me sites for corporate tax deductions guide."""
search_sites,"""Provide me sites on international tax compliance for corporations."""
search_sites,"""Find me sites on 2023 tax compliance checklists."""
search_sites,"""Tell me the sites for compliance and tax filing deadlines."""
search_sites,"""Give me sites on transfer pricing guidelines for multinational companies."""
search_sites,"""Find me sites on legal obligations for tax filings."""
search_sites,"""Tell me the sites on tax law changes for 2024."""
search_sites,"""Give me sites for corporate tax planning for high-growth companies."""
search_sites,"""Find me sites on advisory service best practices."""
search_sites,"""Tell me the sites for 2024 corporate tax filing guide."""
search_sites,"""Give me sites on employee taxation and stock option benefits."""
search_sites,"""Find me sites for tax reform and its impact on corporate finance."""
search_sites,"""Tell me the sites on international tax compliance for corporations."""
search_sites,"""Give me sites on 2023 compliance requirements."""
search_sites,"""Find me sites on handling international tax risks."""
search_sites,"""Give me sites on advisory strategies for high-growth companies."""
search_sites,"""Tell me sites on tax regulations for remote employees."""
search_sites,"""Give me sites for compliance checklists for 2023 tax returns."""
search_sites,"""Find me sites on effective tax advisory strategies."""
search_sites,"""Give me sites on 2023 corporate tax compliance."""
search_sites,"""Find me sites on transfer pricing and international tax disputes."""
search_sites,"""Tell me the sites on 2024 tax regulations for multinational firms."""
search_sites,"""Give me sites for corporate tax planning strategies."""
search_sites,"""Find me sites for understanding the compliance requirements in 2024."""
search_sites,"""Give me sites for international tax compliance best practices."""
search_sites,"""Tell me the sites on financial advisory services for employees."""
search_sites,"""Find sites on employee taxation and benefits."""
search_sites,"""Give me sites on legal compliance and tax obligations for 2024."""
search_sites,"""Find me sites for understanding corporate tax strategies."""
search_sites,"""Tell me the sites on tax filing compliance for multinational companies."""
search_knowledge,"""Provide me knowledge on 2023 tax return compliance."""
search_knowledge,"""Find knowledge on corporate tax planning for high-growth companies."""
search_knowledge,"""Give me knowledge on best practices for advisory services."""
search_knowledge,"""Tell me about managing international tax risks."""
search_knowledge,"""Give me knowledge on financial advisory services."""
search_knowledge,"""Find knowledge on employee taxation and stock options."""
search_knowledge,"""Provide knowledge on the 2024 corporate tax filing guide."""
search_knowledge,"""Tell me about legal compliance and tax filing deadlines."""
search_knowledge,"""Give me knowledge on effective advisory strategies in finance."""
search_knowledge,"""Find knowledge on 2023 compliance requirements."""
search_knowledge,"""Tell me about 2024 tax regulations for remote employees."""
search_knowledge,"""Provide me knowledge on handling international tax disputes."""
search_knowledge,"""Find knowledge on corporate tax deductions."""
search_knowledge,"""Tell me about international tax compliance for multinational corporations."""
search_knowledge,"""Give me knowledge on transfer pricing guidelines."""
search_knowledge,"""Find knowledge on tax reform and its impact on corporate finance."""
search_knowledge,"""Tell me about legal obligations for international tax filings."""
search_knowledge,"""Give me knowledge on tax law changes for 2024."""
search_knowledge,"""Provide knowledge on corporate tax filings."""
search_knowledge,"""Tell me about compliance in employee tax."""
search_knowledge,"""Give me knowledge on advisory strategies for high-growth companies."""
search_knowledge,"""Find knowledge on best practices for financial advisory services."""
search_knowledge,"""Tell me about corporate tax planning."""
search_knowledge,"""Give me knowledge on 2023 tax filing compliance."""
search_knowledge,"""Find knowledge on international tax compliance."""
search_knowledge,"""Provide me knowledge on transfer pricing for multinational companies."""
search_knowledge,"""Tell me about corporate tax reform impacts."""
search_knowledge,"""Give me knowledge on international tax regulations."""
search_knowledge,"""Find knowledge on handling international tax disputes."""
search_knowledge,"""Tell me about employee stock options taxation."""
search_knowledge,"""Give me knowledge on 2024 corporate tax filing deadlines."""
search_knowledge,"""Find knowledge on compliance strategies in finance."""
search_knowledge,"""Tell me about effective tax advisory strategies."""
search_knowledge,"""Provide me knowledge on corporate tax deductions."""
search_knowledge,"""Give me knowledge on employee taxation in 2024."""
search_knowledge,"""Tell me about tax regulations for remote employees."""
search_knowledge,"""Find knowledge on legal deadlines for tax filings."""
search_knowledge,"""Give me knowledge on corporate tax compliance."""
search_knowledge,"""Tell me about managing international tax."""
search_knowledge,"""Provide me knowledge on advisory practices in finance."""
search_knowledge,"""Find knowledge on compliance and tax deadlines."""
search_knowledge,"""Tell me about corporate tax filing strategies."""
search_knowledge,"""Give me knowledge on tax regulations for multinational corporations."""
search_knowledge,"""Find knowledge on financial advisory services."""
search_knowledge,"""Tell me about international tax compliance."""
search_knowledge,"""Give me knowledge on 2023 compliance requirements."""
search_knowledge,"""Provide me knowledge on international tax disputes."""
search_knowledge,"""Find knowledge on compliance requirements for employee tax."""
search_knowledge,"""Tell me about international tax filings."""
search_knowledge,"""Give me knowledge on corporate tax strategies for high-growth companies."""
search_knowledge,"""Find knowledge on employee tax filing guidelines."""
search_knowledge,"""Tell me about compliance obligations."""
search_knowledge,"""Provide me knowledge on legal compliance for corporate tax."""
search_knowledge,"""Find knowledge on best practices for tax advisory."""
search_knowledge,"""Give me knowledge on managing tax risks in international corporations."""
search_knowledge,"""Tell me about financial tax compliance."""
search_knowledge,"""Provide knowledge on 2024 corporate tax filing deadlines."""
search_knowledge,"""Find knowledge on employee stock benefits."""
search_knowledge,"""Give me knowledge on legal tax disputes."""
search_knowledge,"""Tell me about international tax regulations for multinational corporations."""
search_sites,"""Provide me sites on 2023 tax return compliance."""
search_sites,"""Find me sites on corporate tax planning for high-growth companies."""
search_sites,"""Show me sites on best practices for advisory services."""
search_sites,"""Tell me the sites on managing international tax risks."""
search_sites,"""Provide me sites for financial advisory services."""
search_sites,"""Find sites on employee taxation and stock options."""
search_sites,"""Give me sites for the 2024 corporate tax filing guide."""
search_sites,"""Provide sites for legal compliance and tax deadlines."""
search_sites,"""Find sites for effective advisory strategies in finance."""
search_sites,"""Show me sites for 2023 compliance requirements."""
search_sites,"""Tell me sites for 2024 tax regulations for remote employees."""
search_sites,"""Provide me sites on handling international tax disputes."""
search_sites,"""Find sites for corporate tax deductions."""
search_sites,"""Give me sites on international tax compliance for multinational corporations."""
search_sites,"""Tell me the sites for transfer pricing guidelines."""
search_sites,"""Find sites for tax reform impacts on corporate finance."""
search_sites,"""Give me sites on legal obligations for international tax filings."""
search_sites,"""Provide sites on tax law changes for 2024."""
search_sites,"""Tell me the sites for corporate tax filings."""
search_sites,"""Find sites on compliance in employee taxation."""
search_sites,"""Provide me sites on advisory strategies for high-growth companies."""
search_sites,"""Show me sites for financial advisory best practices."""
search_sites,"""Tell me the sites on corporate tax planning."""
search_sites,"""Find sites for tax filing compliance in 2023."""
search_sites,"""Give me sites on international tax compliance."""
search_sites,"""Tell me the sites for transfer pricing in multinational companies."""
search_sites,"""Find sites on corporate tax reform impacts."""
search_sites,"""Provide me sites on international tax regulations."""
search_sites,"""Tell me sites for handling tax disputes."""
search_sites,"""Find sites on employee stock options taxation."""
search_sites,"""Show me sites on 2024 tax filing deadlines."""
search_sites,"""Give me sites on compliance strategies for finance."""
search_sites,"""Find me sites on effective tax advisory strategies."""
search_sites,"""Provide sites on corporate tax deductions."""
search_sites,"""Tell me sites for employee taxation in 2024."""
search_sites,"""Find sites on tax regulations for remote employees."""
search_sites,"""Give me sites on legal deadlines for tax filings."""
search_sites,"""Provide me sites for corporate tax compliance."""
search_sites,"""Tell me the sites for managing international tax."""
search_sites,"""Find sites for advisory practices in finance."""
search_sites,"""Provide sites on compliance and tax deadlines."""
search_sites,"""Tell me the sites for corporate tax filing strategies."""
search_sites,"""Find sites on tax regulations for multinational corporations."""
search_sites,"""Give me sites on financial advisory services."""
search_sites,"""Tell me sites on international tax compliance."""
search_sites,"""Provide sites for 2023 compliance requirements."""
search_sites,"""Find me sites on international tax disputes."""
search_sites,"""Give me sites on compliance requirements in employee tax."""
search_sites,"""Tell me the sites for international tax filings."""
search_sites,"""Provide me sites on corporate tax for high-growth companies."""
search_sites,"""Find sites for employee tax filing guidelines."""
search_sites,"""Tell me the sites for compliance obligations."""
search_sites,"""Give me sites on legal compliance for corporate tax."""
search_sites,"""Provide sites on tax advisory best practices."""
search_sites,"""Find sites for managing tax risks in international companies."""
search_sites,"""Show me sites on financial tax compliance."""
search_sites,"""Tell me sites on 2024 corporate tax filing deadlines."""
search_sites,"""Give me sites on employee stock benefits."""
search_sites,"""Provide sites on legal tax disputes."""
search_sites,"""Find sites for international tax regulations for multinationals."""